<?xml version='1.0' standalone='yes'?>
<componentData>
  <component>
    <componentBaseName>matlab_license</componentBaseName>
    <componentFileName>matlab_license_common_1470945563.enc</componentFileName>
    <componentName>matlab_license_common</componentName>
    <componentVersion>1470945563</componentVersion>
    <instrset>0</instrset>
    <locale></locale>
    <locationId>1</locationId>
    <numFiles>1</numFiles>
    <platformList>
      <platform>glnxa64</platform>
      <platform>maci64</platform>
      <platform>win64</platform>
    </platformList>
    <releaseFamily>R2016b</releaseFamily>
    <size>22197</size>
    <type></type>
    <uncompressedBytes>81380</uncompressedBytes>
  </component>
</componentData>
